model,acc_mean,acc_min,acc_max,diff,acc_std,acc_ci_halfwidth,delta_vs_digital
amplitude,0.8301846923999999,0.8157826924,0.834271923,0.0184892308,0.1802668835618542,0.2238308993871447,-0.005698769200000009
amplitude_noiseaware,0.8329247308,0.8309850000000001,0.8341007692,0.0031157692,0.1775960479426058,0.22051461895360372,-0.0029587307999999757
digital,0.8358834615999999,0.8358834615999999,0.8358834615999999,0.0,0.18072580201120525,0.22440072190381538,0.0
phase,0.6155723846,0.2125273076,0.8406026924000001,0.6280753846,0.18867425127368753,0.23427002519458895,-0.22031107699999997
phase_noiseaware,0.800170423,0.69636,0.82066,0.1243,0.19872147405230178,0.24674530000072706,-0.03571303859999997
